Assay,deletion_auc_mean,deletion_auc_std,deletion_auc_ci_lo,deletion_auc_ci_hi,deletion_auc_n,insertion_auc_mean,insertion_auc_std,insertion_auc_ci_lo,insertion_auc_ci_hi,insertion_auc_n,comprehensiveness_mean,comprehensiveness_std,comprehensiveness_ci_lo,comprehensiveness_ci_hi,comprehensiveness_n,sufficiency_mean,sufficiency_std,sufficiency_ci_lo,sufficiency_ci_hi,sufficiency_n,n_records
All (pooled),0.20598602086696105,0.07056820919644827,0.2007878740806743,0.2111841676532478,708.0,0.31909215035897726,0.06325782924838867,0.3144324957417033,0.3237518049762512,708.0,0.14928048246908518,0.157005647285273,0.1377152406957983,0.16084572424237206,708.0,0.3203860940911549,0.0631318052620438,0.3157357225659003,0.32503646561640953,708.0,708.0
